{"loss": [1.5173053741455078, 0.490066260099411, 0.29319024085998535, 0.20147982239723206, 0.15320105850696564, 0.11806373298168182, 0.09886021167039871, 0.08413324505090714, 0.07180140167474747, 0.061441995203495026], "accuracy": [0.5527562499046326, 0.845636248588562, 0.9060103893280029, 0.9342485070228577, 0.9494985342025757, 0.9609645009040833, 0.9678497910499573, 0.9729141592979431, 0.9762714505195618, 0.9802688956260681], "val_loss": [0.6258092522621155, 0.26511529088020325, 0.19266940653324127, 0.1506795883178711, 0.16928941011428833, 0.1350277215242386, 0.18073929846286774, 0.15001119673252106, 0.15554773807525635, 0.10159941762685776], "val_accuracy": [0.7972911596298218, 0.9162873029708862, 0.935920774936676, 0.9522535800933838, 0.9453676342964172, 0.9585135579109192, 0.9458228945732117, 0.9536762833595276, 0.9569770097732544, 0.9701229333877563]}